[
    {
      "path": "/quests/maze-3d-3.json",
      "gameType": "maze",
      "titleKey": "Games.maze",
      "level": 3
    },
    {
      "path": "/quests/maze-3d-portal-1-default-direction.json",
      "gameType": "maze",
      "titleKey": "Games.maze",
      "level": 3
    },
    {
      "path": "/quests/maze-3d-portal-2-same-direction.json",
      "gameType": "maze",
      "titleKey": "Games.maze",
      "level": 3
    },
    {
      "path": "/quests/maze-3d-switch-1.json",
      "gameType": "maze",
      "titleKey": "Games.maze",
      "level": 4
    }
  ]