{
  "id": "maze-1",
  "gameType": "maze",
  "level": 1,
  "titleKey": "Games.maze",
  "descriptionKey": "Quest.maze1.description",
  "translations": {
    "en": {
      "Quest.maze1.description": "Stack a couple of 'move forward' blocks together to help me reach the goal."
    },
    "vi": {
      "Quest.maze1.description": "Chồng hai khối 'tiến lên phía trước' với nhau để giúp tôi đi tới đích."
    }
  },
  "blocklyConfig": {
    "toolbox": {
      "kind": "flyoutToolbox",
      "contents": [
        {
          "kind": "block",
          "type": "maze_moveForward"
        },
        {
          "kind": "block",
          "type": "maze_turn",
          "fields": {
            "DIR": "turnLeft"
          }
        },
        {
          "kind": "block",
          "type": "maze_turn",
          "fields": {
            "DIR": "turnRight"
          }
        }
      ]
    },
    "maxBlocks": 2,
    "startBlocks": "<xml xmlns=\"https://developers.google.com/blockly/xml\"><block type=\"maze_moveForward\" x=\"70\" y=\"70\"></block></xml>"
  },
  "gameConfig": {
    "type": "maze",
    "map": [
      [0, 0, 0, 0, 0, 0, 0],
      [0, 0, 0, 0, 0, 0, 0],
      [0, 0, 0, 0, 0, 0, 0],
      [0, 0, 0, 0, 0, 0, 0],
      [0, 0, 2, 1, 3, 0, 0],
      [0, 0, 0, 0, 0, 0, 0],
      [0, 0, 0, 0, 0, 0, 0]
    ],
    "player": {
      "start": { "x": 2, "y": 4, "direction": 1 }
    },
    "finish": { "x": 4, "y": 4 }
  },
  "solution": {
    "type": "reach_target",
    "optimalBlocks": 2
  },
  "sounds": {
    "win": "/assets/maze/win.mp3",
    "fail": "/assets/maze/fail_pegman.mp3"
  },
  "backgroundMusic": "/assets/music/bg_music.mp3"
}