{
  "id": "maze-3d-2",
  "gameType": "maze",
  "level": 2,
  "titleKey": "Games.maze",
  "descriptionKey": "Quest.maze3d2.description",
  "translations": {
    "en": {
      "Quest.maze3d2.description": "Collect all the crystals, then climb the stairs to reach the goal."
    },
    "vi": {
      "Quest.maze3d2.description": "Thu thập tất cả các viên pha lê, sau đó leo lên cầu thang để tới đích."
    }
  },
  "blocklyConfig": {
    "toolbox": {
      "kind": "flyoutToolbox",
      "contents": [
        {
          "kind": "block",
          "type": "maze_moveForward"
        },
        {
          "kind": "block",
          "type": "maze_jump"
        },
        {
          "kind": "block",
          "type": "maze_turn",
          "fields": {
            "DIR": "turnLeft"
          }
        },
        {
          "kind": "block",
          "type": "maze_turn",
          "fields": {
            "DIR": "turnRight"
          }
        },
        {
          "kind": "block",
          "type": "maze_forever"
        },
        {
          "kind": "block",
          "type": "maze_if"
        },
        {
          "kind": "block",
          "type": "maze_ifElse"
        },
        {
          "kind": "block",
          "type": "maze_collect"
        },
        {
          "kind": "block",
          "type": "maze_if_item"
        },
        {
          "kind": "block",
          "type": "maze_item_count"
        }
      ]
    },
    "maxBlocks": 15
  },
  "gameConfig": {
    "type": "maze",
    "renderer": "3d",
    "blocks": [
      { "modelKey": "ground.normal", "position": { "x": 0, "y": 0, "z": 0 } },
      { "modelKey": "ground.normal", "position": { "x": 1, "y": 0, "z": 0 } },
      { "modelKey": "ground.normal", "position": { "x": 2, "y": 0, "z": 0 } },
      { "modelKey": "ground.normal", "position": { "x": 2, "y": 1, "z": 0 } },
      { "modelKey": "ground.normal", "position": { "x": 3, "y": 1, "z": 0 } }
    ],
    "players": [
      {
        "id": "player1",
        "start": { "x": 0, "y": 1, "z": 0, "direction": 1 }
      }
    ],
    "collectibles": [
      { "id": "c1", "type": "crystal", "position": { "x": 1, "y": 1, "z": 0 } },
      { "id": "c2", "type": "crystal", "position": { "x": 2, "y": 2, "z": 0 } }
    ],
    "finish": { "x": 3, "y": 2, "z": 0 }
  },
  "solution": {
    "type": "reach_target"
  },
  "sounds": {
    "win": "/assets/maze/win.mp3",
    "fail": "/assets/maze/fail_pegman.mp3"
  }
}