{
  "id": "pond-tutor-1",
  "gameType": "pond",
  "level": 1,
  "titleKey": "Games.pondTutor",
  "descriptionKey": "Pond.helpText1",
  "translations": {
    "en": {
      "Pond.helpText1": "Use the 'cannon' command to hit the target. The first parameter is the angle, the second parameter is the range. Find the right combination."
    },
    "vi": {
      "Pond.helpText1": "Sử dụng lệnh 'cannon' để đánh trúng mục tiêu. Tham số đầu tiên là góc, tham số thứ hai là phạm vi. Tìm sự kết hợp phù hợp."
    }
  },
  "blocklyConfig": {
    "toolbox": {
      "kind": "categoryToolbox",
      "contents": [
        {
          "kind": "category",
          "name": "%{BKY_GAMES_POND}",
          "contents": [
            {
              "kind": "block",
              "type": "pond_cannon",
              "inputs": {
                "DEGREE": {
                  "shadow": {
                    "type": "pond_math_number",
                    "fields": { "NUM": 0 }
                  }
                },
                "RANGE": {
                  "shadow": {
                    "type": "pond_math_number",
                    "fields": { "NUM": 70 }
                  }
                }
              }
            }
          ]
        },
        {
          "kind": "category",
          "name": "%{BKY_GAMES_CATMATH}",
          "contents": [
            {
              "kind": "block",
              "type": "pond_math_number"
            }
          ]
        }
      ]
    },
    "startBlocks": "<xml xmlns=\"https://developers.google.com/blockly/xml\"><block type=\"pond_cannon\" x=\"70\" y=\"70\"></block></xml>"
  },
  "gameConfig": {
    "type": "pond",
    "avatars": [
      {
        "name": "Player",
        "isPlayer": true,
        "start": { "x": 50, "y": 30 },
        "damage": 0
      },
      {
        "name": "Target",
        "isPlayer": false,
        "start": { "x": 50, "y": 70 },
        "damage": 99,
        "code": "/* Does nothing. Just sits there. */"
      }
    ]
  },
  "solution": {
    "type": "destroy_target"
  },
  "sounds": {
      "boom": "/assets/pond/boom.mp3",
      "splash": "/assets/pond/splash.mp3",
      "crash": "/assets/pond/whack.mp3"
  }
}